{"stats":{"minecraft:used":{"minecraft:diamond_sword":1},"minecraft:custom":{"minecraft:jump":18,"minecraft:time_since_rest":2235,"minecraft:damage_dealt":110,"minecraft:crouch_one_cm":12,"minecraft:leave_game":1,"minecraft:sprint_one_cm":3079,"minecraft:play_time":2235,"minecraft:time_since_death":2235,"minecraft:walk_one_cm":8076,"minecraft:sneak_time":12,"minecraft:total_world_time":7074,"minecraft:mob_kills":2,"minecraft:fly_one_cm":4583},"minecraft:killed":{"sw_arcade:clone_default":1,"sw_arcade:clone_evil":1}},"DataVersion":3578}