{"stats":{"minecraft:used":{"minecraft:stone_button":3,"minecraft:glass":3,"minecraft:ice":1,"minecraft:diamond_sword":4,"minecraft:dirt":15,"minecraft:command_block":2},"minecraft:killed":{"sw_arcade:clone_default":1,"sw_arcade:clone_evil":3},"minecraft:picked_up":{"minecraft:stone_button":2},"minecraft:custom":{"minecraft:jump":35,"minecraft:leave_game":1,"minecraft:time_since_rest":6478,"minecraft:sprint_one_cm":1410,"minecraft:damage_dealt":270,"minecraft:crouch_one_cm":419,"minecraft:walk_on_water_one_cm":71,"minecraft:play_time":6478,"minecraft:time_since_death":6478,"minecraft:walk_one_cm":13536,"minecraft:sneak_time":326,"minecraft:total_world_time":7776,"minecraft:mob_kills":4,"minecraft:fly_one_cm":3449}},"DataVersion":3578}