{"stats":{"minecraft:used":{"minecraft:diamond_sword":4},"minecraft:killed":{"sw_arcade:clone_default":2,"sw_arcade:clone_evil":2},"minecraft:custom":{"minecraft:jump":20,"minecraft:time_since_rest":2137,"minecraft:damage_dealt":400,"minecraft:leave_game":1,"minecraft:sprint_one_cm":2536,"minecraft:play_time":2137,"minecraft:time_since_death":2137,"minecraft:walk_one_cm":4859,"minecraft:sneak_time":10,"minecraft:total_world_time":3164,"minecraft:mob_kills":4,"minecraft:fly_one_cm":2140}},"DataVersion":3578}