{"stats":{"minecraft:custom":{"minecraft:jump":29,"minecraft:time_since_rest":2229,"minecraft:damage_dealt":110,"minecraft:leave_game":1,"minecraft:sprint_one_cm":3695,"minecraft:play_time":2229,"minecraft:time_since_death":2229,"minecraft:walk_one_cm":7811,"minecraft:total_world_time":2529,"minecraft:mob_kills":2,"minecraft:fall_one_cm":209,"minecraft:fly_one_cm":10625},"minecraft:killed":{"sw_arcade:clone_default":1,"sw_arcade:clone_evil":1},"minecraft:used":{"minecraft:diamond_sword":2}},"DataVersion":3578}