{"stats":{"minecraft:picked_up":{"minecraft:dirt":9},"minecraft:used":{"minecraft:dirt":1},"minecraft:mined":{"minecraft:grass_block":4,"minecraft:dirt":5},"minecraft:custom":{"minecraft:jump":10,"minecraft:time_since_rest":1977,"minecraft:leave_game":1,"minecraft:crouch_one_cm":8,"minecraft:sprint_one_cm":1374,"minecraft:play_time":1977,"minecraft:time_since_death":1977,"minecraft:walk_one_cm":3994,"minecraft:sneak_time":82,"minecraft:total_world_time":2274,"minecraft:fall_one_cm":269,"minecraft:fly_one_cm":1056}},"DataVersion":3578}