{"stats":{"minecraft:custom":{"minecraft:jump":33,"minecraft:time_since_rest":3072,"minecraft:damage_dealt":100,"minecraft:crouch_one_cm":8,"minecraft:leave_game":1,"minecraft:sprint_one_cm":4984,"minecraft:play_time":3072,"minecraft:time_since_death":3072,"minecraft:walk_one_cm":6275,"minecraft:sneak_time":95,"minecraft:total_world_time":4087,"minecraft:mob_kills":1,"minecraft:fly_one_cm":11235},"minecraft:killed":{"sw_arcade:clone_default":1},"minecraft:used":{"minecraft:dirt":6,"minecraft:diamond_sword":1}},"DataVersion":3578}