{"stats":{"minecraft:picked_up":{"minecraft:command_block":1},"minecraft:custom":{"minecraft:jump":29,"minecraft:time_since_rest":7009,"minecraft:damage_dealt":110,"minecraft:leave_game":1,"minecraft:sprint_one_cm":1838,"minecraft:play_time":7009,"minecraft:time_since_death":7009,"minecraft:walk_one_cm":25658,"minecraft:sneak_time":95,"minecraft:total_world_time":8610,"minecraft:mob_kills":2,"minecraft:drop":1,"minecraft:fly_one_cm":1476},"minecraft:used":{"minecraft:stone_button":5,"minecraft:diamond_sword":2,"minecraft:dirt":81,"minecraft:command_block":5},"minecraft:dropped":{"minecraft:command_block":1},"minecraft:killed":{"sw_arcade:clone_default":1,"sw_arcade:clone_evil":1}},"DataVersion":3578}