{"stats":{"minecraft:custom":{"minecraft:jump":58,"minecraft:time_since_rest":6481,"minecraft:damage_dealt":580,"minecraft:crouch_one_cm":84,"minecraft:leave_game":1,"minecraft:sprint_one_cm":4397,"minecraft:play_time":6481,"minecraft:time_since_death":6481,"minecraft:walk_one_cm":8170,"minecraft:sneak_time":248,"minecraft:total_world_time":15319,"minecraft:mob_kills":6,"minecraft:fly_one_cm":33507},"minecraft:killed":{"sw_arcade:clone_default":1,"sw_arcade:clone_evil":5},"minecraft:used":{"minecraft:stone_button":3,"minecraft:diamond_sword":6,"minecraft:glowstone":1,"minecraft:dirt":5,"minecraft:command_block":3}},"DataVersion":3578}