{"stats":{"minecraft:used":{"minecraft:diamond_sword":1},"minecraft:killed":{"sw_arcade:clone_default":1},"minecraft:custom":{"minecraft:jump":13,"minecraft:time_since_rest":3048,"minecraft:damage_dealt":130,"minecraft:crouch_one_cm":154,"minecraft:leave_game":1,"minecraft:sprint_one_cm":70,"minecraft:play_time":3048,"minecraft:time_since_death":3048,"minecraft:walk_one_cm":5537,"minecraft:sneak_time":145,"minecraft:total_world_time":14751,"minecraft:mob_kills":2,"minecraft:fly_one_cm":7755}},"DataVersion":3578}