{"stats":{"minecraft:custom":{"minecraft:jump":92,"minecraft:time_since_rest":9931,"minecraft:damage_dealt":330,"minecraft:crouch_one_cm":1241,"minecraft:leave_game":2,"minecraft:play_time":9931,"minecraft:sprint_one_cm":6592,"minecraft:time_since_death":9931,"minecraft:walk_one_cm":13761,"minecraft:sneak_time":665,"minecraft:total_world_time":11818,"minecraft:mob_kills":4,"minecraft:fly_one_cm":25382},"minecraft:used":{"minecraft:ice":1,"minecraft:diamond_sword":1},"minecraft:killed":{"sw_arcade:clone_default":3,"sw_arcade:clone_evil":1}},"DataVersion":3578}