{"stats":{"minecraft:used":{"minecraft:diamond_sword":1},"minecraft:killed":{"sw_arcade:clone_default":1},"minecraft:custom":{"minecraft:jump":35,"minecraft:time_since_rest":3312,"minecraft:damage_dealt":137,"minecraft:crouch_one_cm":236,"minecraft:leave_game":1,"minecraft:sprint_one_cm":5357,"minecraft:play_time":3312,"minecraft:time_since_death":3312,"minecraft:walk_one_cm":16636,"minecraft:sneak_time":68,"minecraft:total_world_time":3402,"minecraft:mob_kills":1,"minecraft:fall_one_cm":1045,"minecraft:fly_one_cm":6672}},"DataVersion":3578}