{"stats":{"minecraft:used":{"minecraft:stone_button":1,"minecraft:diamond_sword":3,"minecraft:glowstone":1,"minecraft:dirt":1},"minecraft:killed":{"sw_arcade:clone_default":2,"sw_arcade:clone_evil":1},"minecraft:custom":{"minecraft:jump":32,"minecraft:time_since_rest":10521,"minecraft:damage_dealt":300,"minecraft:crouch_one_cm":180,"minecraft:leave_game":2,"minecraft:play_time":10521,"minecraft:sprint_one_cm":1679,"minecraft:time_since_death":10521,"minecraft:walk_one_cm":10760,"minecraft:sneak_time":286,"minecraft:total_world_time":19615,"minecraft:mob_kills":3,"minecraft:fly_one_cm":23628}},"DataVersion":3578}