{
  "minecraft:recipes/decorations/crafting_table": {
    "criteria": {
      "unlock_right_away": "2023-10-19 21:40:17 -0400"
    },
    "done": true
  },
  "minecraft:adventure/adventuring_time": {
    "criteria": {
      "minecraft:ice_spikes": "2023-10-19 21:40:29 -0400",
      "minecraft:frozen_river": "2023-10-19 21:40:20 -0400"
    },
    "done": false
  },
  "minecraft:recipes/building_blocks/packed_ice": {
    "criteria": {
      "has_ice": "2023-10-19 21:40:17 -0400"
    },
    "done": true
  },
  "DataVersion": 3578
}