{
  "minecraft:recipes/decorations/crafting_table": {
    "criteria": {
      "unlock_right_away": "2023-10-19 16:08:41 -0400"
    },
    "done": true
  },
  "minecraft:adventure/root": {
    "criteria": {
      "killed_something": "2023-10-19 16:09:48 -0400"
    },
    "done": true
  },
  "minecraft:adventure/adventuring_time": {
    "criteria": {
      "minecraft:ice_spikes": "2023-10-19 16:09:54 -0400",
      "minecraft:frozen_river": "2023-10-19 16:09:51 -0400",
      "minecraft:snowy_plains": "2023-10-19 16:08:43 -0400"
    },
    "done": false
  },
  "minecraft:recipes/building_blocks/packed_ice": {
    "criteria": {
      "has_ice": "2023-10-19 16:08:40 -0400"
    },
    "done": true
  },
  "DataVersion": 3578
}