{
  "minecraft:recipes/decorations/crafting_table": {
    "criteria": {
      "unlock_right_away": "2023-10-19 16:31:26 -0400"
    },
    "done": true
  },
  "minecraft:adventure/root": {
    "criteria": {
      "killed_something": "2023-10-19 16:42:31 -0400"
    },
    "done": true
  },
  "minecraft:adventure/adventuring_time": {
    "criteria": {
      "minecraft:frozen_river": "2023-10-19 16:31:30 -0400",
      "minecraft:snowy_plains": "2023-10-19 16:41:40 -0400"
    },
    "done": false
  },
  "minecraft:recipes/building_blocks/packed_ice": {
    "criteria": {
      "has_ice": "2023-10-19 16:31:26 -0400"
    },
    "done": true
  },
  "DataVersion": 3578
}