{
  "minecraft:recipes/decorations/crafting_table": {
    "criteria": {
      "unlock_right_away": "2023-10-20 16:49:54 -0400"
    },
    "done": true
  },
  "minecraft:recipes/redstone/redstone_lamp": {
    "criteria": {
      "has_glowstone": "2023-10-20 16:51:00 -0400"
    },
    "done": true
  },
  "minecraft:adventure/root": {
    "criteria": {
      "killed_something": "2023-10-20 16:52:00 -0400"
    },
    "done": true
  },
  "minecraft:adventure/adventuring_time": {
    "criteria": {
      "minecraft:ice_spikes": "2023-10-20 16:51:16 -0400",
      "minecraft:frozen_river": "2023-10-20 16:49:59 -0400",
      "minecraft:snowy_plains": "2023-10-20 16:50:46 -0400"
    },
    "done": false
  },
  "minecraft:recipes/building_blocks/packed_ice": {
    "criteria": {
      "has_ice": "2023-10-20 16:49:54 -0400"
    },
    "done": true
  },
  "DataVersion": 3578
}