{
  "minecraft:recipes/decorations/crafting_table": {
    "criteria": {
      "unlock_right_away": "2023-10-20 09:08:13 -0400"
    },
    "done": true
  },
  "minecraft:adventure/root": {
    "criteria": {
      "killed_something": "2023-10-20 09:09:47 -0400"
    },
    "done": true
  },
  "minecraft:adventure/adventuring_time": {
    "criteria": {
      "minecraft:ice_spikes": "2023-10-20 09:08:16 -0400",
      "minecraft:frozen_river": "2023-10-20 09:08:40 -0400",
      "minecraft:snowy_plains": "2023-10-20 09:08:58 -0400"
    },
    "done": false
  },
  "minecraft:recipes/building_blocks/packed_ice": {
    "criteria": {
      "has_ice": "2023-10-20 09:08:13 -0400"
    },
    "done": true
  },
  "DataVersion": 3578
}