{
  "minecraft:recipes/decorations/crafting_table": {
    "criteria": {
      "unlock_right_away": "2023-10-19 22:05:28 -0400"
    },
    "done": true
  },
  "minecraft:adventure/adventuring_time": {
    "criteria": {
      "minecraft:frozen_river": "2023-10-19 22:05:31 -0400",
      "minecraft:snowy_plains": "2023-10-19 22:06:32 -0400"
    },
    "done": false
  },
  "minecraft:recipes/building_blocks/packed_ice": {
    "criteria": {
      "has_ice": "2023-10-19 22:05:28 -0400"
    },
    "done": true
  },
  "DataVersion": 3578
}